Source,Target
ISSUED TO FITTING (A14)-GRG,ISSUED TO FINAL FITTING-QC (A2)- GRG
ISSUED TO FITTING (A2)-GRG,ISSUED TO FINAL-FITTING-QC (A14)-GRG
ISSUED TO FITTING-QC IN (A2)-GRG,RETURNED TO FINAL FITTING-QC (A2)- GRG
ISSUED TO FITTING-QC-IN (A14)-GRG,RETURNED TO FINAL-FITTING-QC (A14)-GRG
RETURNED TO FITTING (A14)-GRG,ISSUED TO DISPATCH SEC-GRG
RETURNED TO FITTING (A2)-GRG,ISSUED TO DISPATCH SEC-GRG (A14)
RETURNED TO FITTING-QC IN (A2)-GRG,ISSUED TO DISPATCH SEC-GRG (A2)
RETURNED TO FITTING-QC-IN (A14)-GRG,RETURNED TO DISPATCH SEC-GRG
RETURNED TO FITTING (A14)-GRG,RETURNED TO DISPATCH SEC-GRG (A14)
RETURNED TO FITTING (A2)-GRG,RETURNED TO DISPATCH SEC-GRG (A2)
RETURNED TO FITTING-QC IN (A2)-GRG,ISSUED TO DISPATCH SEC-GRG
RETURNED TO FITTING-QC-IN (A14)-GRG,ISSUED TO DISPATCH SEC-GRG (A14)
ISSUED TO FRAME STORE (A14)-GRG,ISSUED TO DISPATCH SEC-GRG (A2)
ISSUED TO FRAME STORE (A2)-GRG,ISSUED TO FINAL FITTING-QC (A2)- GRG
ISSUED TO FRAME STORE-GRG,ISSUED TO FINAL-FITTING-QC (A14)-GRG
RETURNED TO FRAME STORE (A14)-GRG,RETURNED TO DISPATCH SEC-GRG
RETURNED TO FRAME STORE (A2)-GRG,RETURNED TO DISPATCH SEC-GRG (A14)
RETURNED TO FRAME STORE-GRG,RETURNED TO DISPATCH SEC-GRG (A2)
ISSUED TO Mounting (A14)-GRG,RETURNED TO FINAL FITTING-QC (A2)- GRG
ISSUED TO MOUNTING (A2)-GRG,RETURNED TO FINAL-FITTING-QC (A14)-GRG
ISSUED TO RETURN MOUNTING (A2)-GRG,RETURNED TO FINAL-FITTING-QC-GRG
ISSUED TO RETURN TO  MOUNTING (A14)-GRG,
RETURNED TO Mounting (A14)-GRG,
RETURNED TO MOUNTING (A2)-GRG,
RETURNED TO Return Mounting (A2)-GRG,
RETURNED TO Return to  Mounting (A14)-GRG,
